,mail,name,role,organization,deviceID,date,comment,bugTitle,busDesc,reproduction,version,Rating
0,test@aaksdfj,test,test,test,test,test,Guardian Earbuds,test,testtesttesttesttesttesttesttesttesttesttesttesttesttesttesttesttesttesttesttesttesttesttesttesttesttesttesttesttesttesttest,1,test,
1,test@aaksdfj,test2,test,test,test,test,Guardian Earbuds,test,testtesttesttesttesttesttesttesttesttesttesttesttesttesttesttesttesttesttesttesttesttesttesttesttesttesttesttesttesttesttest,1,test,
2,test@aaksdfj,test3,test,test,test,test,Guardian Earbuds,test,testtesttesttesttesttesttesttesttesttesttesttesttesttesttesttesttesttesttesttesttesttesttesttesttesttesttesttesttesttesttest,1,test,
3,test@aaksdfj,test3,test,test,test,test,Guardian Earbuds,test,testtesttesttesttesttesttesttesttesttesttesttesttesttesttesttesttesttesttesttesttesttesttesttesttesttesttesttesttesttesttest,1,test,
4,test@aaksdfj,test3,test,test,test,test,Guardian Earbuds,test,testtesttesttesttesttesttesttesttesttesttesttesttesttesttesttesttesttesttesttesttesttesttesttesttesttesttesttesttesttesttest,1,test,
5,test@aaksdfj,test3,test,test,test,test,Guardian Earbuds,test,testtesttesttesttesttesttesttesttesttesttesttesttesttesttesttesttesttesttesttesttesttesttesttesttesttesttesttesttesttesttest,1,test,
6,test@aaksdfj,test3,test,test,test,test,Guardian Earbuds,test,testtesttesttesttesttesttesttesttesttesttesttesttesttesttesttesttesttesttesttesttesttesttesttesttesttesttesttesttesttesttest,1,test,
7,test@aaksdfj,test3,test,test,test,test,Guardian Earbuds,test,testtesttesttesttesttesttesttesttesttesttesttesttesttesttesttesttesttesttesttesttesttesttesttesttesttesttesttesttesttesttest,1,test,
8,test@aaksdfj,test3,test,test,test,test,Guardian Earbuds,test,testtesttesttesttesttesttesttesttesttesttesttesttesttesttesttesttesttesttesttesttesttesttesttesttesttesttesttesttesttesttest,1,test,
